Ticker,Sector,Total ESG Risk Score,Volatility of Stock Prices Standard deviation
0001.HK,Industrials,29.22,0.014339818044358561
0002.HK,Utilities,27.98,0.011979660694234987
0003.HK,Utilities,21.19,0.01602204212831538
0004.HK,Real Estate,19.37,0.027773939953848335
0005.HK,Financial Services,19.35,0.01887907842166642
0006.HK,Utilities,33.35,0.010936944831420464
0010.HK,Real Estate,17.23,0.01579606054679595
0011.HK,Financial Services,20.06,0.015620276267682663
0012.HK,Real Estate,19.43,0.01790009652338595
0016.HK,Real Estate,18.3,0.013512184202521586
0017.HK,Real Estate,14.32,0.022822168691943333
0019.HK,Industrials,36.85,0.019351573355251183
0020.HK,Technology,16.49,0.06338683056949637
0023.HK,Financial Services,20.69,0.01686068333075014
0027.HK,Consumer Cyclical,28.1,0.02884558476509387
0066.HK,Industrials,21.56,0.010013148186327078
0083.HK,Real Estate,13.08,0.01600349863753202
0101.HK,Real Estate,15.38,0.021347261828947785
0135.HK,Energy,30.94,0.029567547389470025
0144.HK,Industrials,16.43,0.02005196481104818
0151.HK,Consumer Defensive,39.64,0.021218609799095928
0168.HK,Consumer Defensive,29.97,0.02858266107467328
0175.HK,Consumer Cyclical,23.79,0.03701256136184804
0177.HK,Industrials,12.97,0.01775610458980611
0257.HK,Industrials,20.89,0.027489007550149717
0267.HK,Industrials,52.41,0.017348902453108765
0270.HK,Utilities,30.68,0.02489208649198397
0288.HK,Consumer Defensive,36.08,0.020991628488984174
0291.HK,Consumer Defensive,30.47,0.03190850907228973
0293.HK,Industrials,33.89,0.02032268418188016
0317.HK,Industrials,38.73,0.028201983284141842
0322.HK,Consumer Defensive,31.19,0.0196605177614546
0338.HK,Energy,28.69,0.018425450448939035
0347.HK,Basic Materials,50.09,0.02906715387884835
0358.HK,Basic Materials,54.74,0.02561129181264969
0371.HK,Utilities,39.84,0.02385162850371159
0384.HK,Utilities,31.4,0.03153573829978547
0386.HK,Energy,52.35,0.015507644939082677
0388.HK,Financial Services,17.43,0.02622406175816794
0390.HK,Industrials,50.66,0.022745126559656548
0392.HK,Industrials,33.98,0.020578835515934316
0489.HK,Consumer Cyclical,20.47,0.023325640791960377
0525.HK,Industrials,30.13,0.0205486332899226
0551.HK,Consumer Cyclical,21.83,0.02683500805879257
0656.HK,Industrials,41.37,0.027100707577488944
0659.HK,Industrials,28.77,0.016971603468984162
0669.HK,Industrials,22.87,0.03390337834366909
0670.HK,Industrials,28.39,0.023070224952051847
0688.HK,Real Estate,15.95,0.03156611572581747
0696.HK,Technology,22.31,0.03210696201049377
0700.HK,Communication Services,22.44,0.034087689787924515
0728.HK,Communication Services,28.57,0.015163034947469425
0753.HK,Industrials,29.79,0.029195775565200525
0762.HK,Communication Services,29.51,0.014667346404388956
0763.HK,Technology,19.47,0.032283077911613584
0836.HK,Utilities,45.84,0.03790046975341824
0857.HK,Energy,55.01,0.01908977936205099
0883.HK,Energy,43.29,0.020927393859268055
0902.HK,Utilities,48.64,0.037762287749062415
0914.HK,Basic Materials,31.55,0.025060095848987513
0916.HK,Utilities,39.49,0.03232796503769183
0939.HK,Financial Services,30.98,0.012891193140658248
0941.HK,Communication Services,24.42,0.011463624664776757
0945.HK,Financial Services,17.33,0.015062422419322631
0960.HK,Real Estate,15.8,0.054302353051453735
0966.HK,Financial Services,27.64,0.02619538997347184
0981.HK,Technology,31.38,0.025545330053611197
0992.HK,Technology,15.25,0.022973510034964596
0998.HK,Financial Services,31.05,0.012660677645560751
1033.HK,Energy,38.55,0.02330295572864984
1038.HK,Utilities,37.96,0.01436082714064558
1044.HK,Consumer Defensive,29.9,0.015416470994204038
1055.HK,Industrials,30.84,0.027013467386596834
1071.HK,Utilities,50.36,0.03317302228603885
1088.HK,Energy,35.68,0.023556108259820272
1093.HK,Healthcare,34.01,0.03053384761466733
1099.HK,Healthcare,16.04,0.01864512628818041
1109.HK,Real Estate,20.25,0.030506478684087582
1113.HK,Real Estate,18.81,0.015131004826942518
1114.HK,Consumer Cyclical,31.43,0.0488032709068748
1128.HK,Consumer Cyclical,21.12,0.04638363500242779
1171.HK,Energy,47.84,0.037084377304550206
1177.HK,Healthcare,39.45,0.028276876582776354
1186.HK,Industrials,47.56,0.02072213722235262
1193.HK,Utilities,33.69,0.026586986450444217
1211.HK,Consumer Cyclical,24.05,0.03603831468175342
1288.HK,Financial Services,29.48,0.011473524809563065
1299.HK,Financial Services,13.16,0.022997374590295685
1336.HK,Financial Services,25.38,0.02359921665859958
1339.HK,Financial Services,32.95,0.014415979520389026
1359.HK,Financial Services,33.49,0.024448186490830606
1398.HK,Financial Services,36.04,0.012706047405714646
1576.HK,Industrials,39.87,0.02315534260679999
1618.HK,Industrials,51.7,0.028364416526104122
1766.HK,Industrials,36.79,0.017600129450587733
1800.HK,Industrials,50.32,0.01977057713239828
1816.HK,Utilities,28.72,0.017510991638432834
1898.HK,Energy,45.91,0.03388859157701265
1919.HK,Industrials,26.33,0.030838895076974113
1928.HK,Consumer Cyclical,18.19,0.04248626592675952
1972.HK,Real Estate,9.52,0.015712912643899547
1988.HK,Financial Services,30.14,0.014757786797007604
2018.HK,Technology,17.28,0.035206422711885677
2020.HK,Consumer Cyclical,17.42,0.03430420589434979
2039.HK,Industrials,46.58,0.02375524964905031
2066.HK,Financial Services,28.99,0.011878510687044753
2196.HK,Healthcare,39.97,0.03961369110161966
2202.HK,Real Estate,19.87,0.03645959411876147
2238.HK,Consumer Cyclical,30.48,0.027330981565660988
2282.HK,Consumer Cyclical,25.46,0.041729044029786395
2313.HK,Consumer Cyclical,16.41,0.03612056505385537
2318.HK,Financial Services,18.25,0.0326071216144416
2319.HK,Consumer Defensive,34.0,0.024359327362675987
2328.HK,Financial Services,29.37,0.019722280717814355
2333.HK,Consumer Cyclical,25.53,0.04458185397220276
2338.HK,Consumer Cyclical,34.75,0.02777095968119967
2378.HK,Financial Services,15.71,0.030575712643294853
2388.HK,Financial Services,23.28,0.017310352830453797
2600.HK,Basic Materials,54.69,0.03419978129219391
2601.HK,Financial Services,26.91,0.02356893901686073
2607.HK,Healthcare,18.5,0.027511762805293095
2628.HK,Financial Services,27.53,0.020634249923127693
2638.HK,Utilities,23.76,0.012744699701854986
2688.HK,Utilities,32.74,0.030989965067759175
2689.HK,Basic Materials,26.56,0.02761492795634402
2727.HK,Industrials,28.26,0.019125853939056067
2799.HK,Financial Services,36.83,0.04936434373821339
2866.HK,Industrials,19.26,0.02251226175726564
2883.HK,Energy,27.12,0.027390272775754933
2888.HK,Financial Services,25.95,0.023884457385719673
2899.HK,Basic Materials,56.36,0.032316074157151015
3311.HK,Industrials,37.9,0.02555456863150956
3328.HK,Financial Services,33.79,0.014093695738877487
3618.HK,Financial Services,25.76,0.011813461008719925
3898.HK,Industrials,31.06,0.03786016026578336
3968.HK,Financial Services,32.07,0.03087213188116087
3988.HK,Financial Services,35.09,0.010585629615260031
6030.HK,Financial Services,30.4,0.02302874834940532
6808.HK,Consumer Cyclical,26.3,0.03634903285014824
6818.HK,Financial Services,32.63,0.013417634208553523
6823.HK,Communication Services,26.16,0.009996320413922205
6837.HK,Financial Services,28.97,0.01874584283756095
6881.HK,Financial Services,30.7,0.019870390267837185
6886.HK,Financial Services,27.64,0.019930530942253704
9618.HK,Consumer Cyclical,27.75,0.050374619340194986
9888.HK,Communication Services,20.72,0.044807678210686305
9901.HK,Consumer Defensive,15.6,0.0587368765635292
9961.HK,Consumer Cyclical,24.47,0.050896433217076306
9988.HK,Consumer Cyclical,26.4,0.04561711606906237
9999.HK,Communication Services,14.99,0.037448956389386875
